<?xml version="1.0" encoding="UTF-8"?>
<beans xmlns="http://www.springframework.org/schema/beans"
xmlns:xsi="http://www.w3.org/2001/XMLSchema-instance"
xmlns:context="http://www.springframework.org/schema/context"
xmlns:tx="http://www.springframework.org/schema/tx"
xmlns:mvc="http://www.springframework.org/schema/mvc"
xsi:schemaLocation="http://www.springframework.org/schema/beans
http://www.springframework.org/schema/beans/spring-beans.xsd
http://www.springframework.org/schema/context
http://www.springframework.org/schema/context/spring-context.xsd
http://www.springframework.org/schema/tx 
http://www.springframework.org/schema/tx/spring-tx-4.0.xsd
http://www.springframework.org/schema/mvc
http://www.springframework.org/schema/mvc/spring-mvc.xsd">
	<mvc:annotation-driven/>

	<context:component-scan base-package="com.lti"></context:component-scan>

	<bean id="viewResolver" class="org.springframework.web.servlet.view.InternalResourceViewResolver">
		<property name="prefix" value="WEB-INF/pages/"></property>
		<property name="suffix" value=".jsp"></property>
	</bean>
	<bean id="template" class="org.springframework.jdbc.core.JdbcTemplate">
		<property name="dataSource" ref="dataSource"></property>
	</bean>
	<bean id="dataSource" class="org.springframework.jdbc.datasource.DriverManagerDataSource">
		<property name="driverClassName" value="oracle.jdbc.driver.OracleDriver"></property>
		<property name="url" value="jdbc:oracle:thin:@192.168.100.108:1521:XE"></property>
		<property name="username" value="bus"></property>
		<property name="password" value="bus"></property>
	</bean>
	<bean id="emf" class="org.springframework.orm.jpa.LocalContainerEntityManagerFactoryBean">
		<property name="dataSource" ref="dataSource"/>
		<property name="packagesToScan" value="com.lti.model"/>
		<property name="persistenceProviderClass" value="org.hibernate.jpa.HibernatePersistenceProvider"/>
	</bean>
	<bean id="transactionManager" class="org.springframework.orm.jpa.JpaTransactionManager">
		<property name="entityManagerFactory" ref="emf"/>
	</bean>
	<tx:annotation-driven transaction-manager="transactionManager"/>
	
		<bean id="mailSender" class="org.springframework.mail.javamail.JavaMailSenderImpl">
    <!-- SMTP settings -->
    <property name="host" value="smtp.gmail.com" />
    <property name="port" value="587" />
    <property name="username" value="quadrobus@gmail.com" />
    <property name="password" value="quadro123" /> 
    <property name="javaMailProperties">
        <!-- additional properties specific to JavaMail -->
        <props>
            <prop key="mail.transport.protocol">smtp</prop>
            <prop key="mail.smtp.auth">true</prop>
            <prop key="mail.smtp.starttls.enable">true</prop>
        </props>
    </property>
</bean>
	
	
	
</beans>